videoId,title,description,publishedAt
ZmZeIaB_LiU,モテる人モテない人の話し方の違い,この動画内で紹介したおすすめ動画・ニコニコ動画は 知識のNetflix【Dラボ】で見放題！ 今なら20日間無料→https://daigovideolab.jp/ 男女別！最もモテる年齢は ...,2018-12-23T13:30:09Z
pzyhTJwe2Dg,強気なふりしてメンヘラなやつの見抜き方,この動画内で紹介したおすすめ動画・ニコニコ動画は 知識のNetflix【Dラボ】で見放題！ 今なら20日間無料→https://daigovideolab.jp/ 付き合ったらアウトな地雷人間に ...,2018-12-09T12:22:59Z
dLRUtLJetV4,サイコパス式アホを相手にしないスルーの技術,この動画内で紹介したおすすめ動画・ニコニコ動画は 知識のNetflix【Dラボ】で見放題！ 今なら20日間無料→https://daigovideolab.jp/ 続きは⇒ ...,2018-12-08T13:25:43Z
y5J_HXGTkOU,大掃除すべき人間関係の見極め方,この動画内で紹介したおすすめ動画・ニコニコ動画は 知識のNetflix【Dラボ】で見放題！ 今なら20日間無料→https://daigovideolab.jp/ メンタリストDaiGoと弟制作の無料 ...,2018-12-28T14:05:49Z
eEvk6aBKnWg,秒で終わるカップルの特徴,この動画内で紹介したおすすめ動画・ニコニコ動画は 知識のNetflix【Dラボ】で見放題！ 今なら20日間無料→https://daigovideolab.jp/ メンタリストDaiGoと弟制作の無料 ...,2018-12-24T13:21:36Z
cg_p-eYqjV4,夜ふかしの方が早起きより優れている証拠,この動画内で紹介したおすすめ動画・ニコニコ動画は 知識のNetflix【Dラボ】で見放題！ 今なら20日間無料→https://daigovideolab.jp/ 夜ふかしが優れているとはいえ、 ...,2018-12-10T15:11:37Z
yqx_CzFtvY0,人生を台無しにする12の考え方の罠,この動画内で紹介したおすすめ動画・ニコニコ動画は 知識のNetflix【Dラボ】で見放題！ 今なら20日間無料→https://daigovideolab.jp/ 続き⇒ ...,2018-12-22T13:33:42Z
x8vM6xk2BMk,隣人の科学〜あなたの人生はあなたの周りの人で決まる,この動画内で紹介したおすすめ動画・ニコニコ動画は 知識のNetflix【Dラボ】で見放題！ 今なら20日間無料→https://daigovideolab.jp/ 職場で、友人で、近所で…あなた ...,2018-12-14T13:31:57Z
rAUXyEQRQpE,お金がなくなる人たまる人の違い〜散財の心理学,この動画内で紹介したおすすめ動画・ニコニコ動画は 知識のNetflix【Dラボ】で見放題！ 今なら20日間無料→https://daigovideolab.jp/ 続きは⇒ ...,2018-12-01T13:21:31Z
UDzLsbwr4Nk,DaiGoが毎日やっている心を読むためのトレーニング、公開,この動画内で紹介したおすすめ動画・ニコニコ動画は 知識のNetflix【Dラボ】で見放題！ 今なら20日間無料→https://daigovideolab.jp/ 続きは⇒ ...,2018-12-30T13:28:54Z
Rx6QKu5RacM,付き合う前にわかる！うまくいく恋人の選び方,この動画内で紹介したおすすめ動画・ニコニコ動画は 知識のNetflix【Dラボ】で見放題！ 今なら20日間無料→https://daigovideolab.jp/ メンタリストDaiGoと弟制作の無料 ...,2018-12-25T14:47:59Z
fjvWGrECmws,嫌われた相手を振り向かせる「関係修復の心理学」～恋愛関係から仕事関係まで,この動画内で紹介したおすすめ動画・ニコニコ動画は 知識のNetflix【Dラボ】で見放題！ 今なら20日間無料→https://daigovideolab.jp/ 壊れた人間関係を修復できるよう ...,2018-12-07T14:09:44Z
qD9iFK-WC2Q,集中できる部屋の作り方〜大掃除ついでに最高の環境を作る,この動画内で紹介したおすすめ動画・ニコニコ動画は 知識のNetflix【Dラボ】で見放題！ 今なら20日間無料→https://daigovideolab.jp/ ...,2018-12-29T13:19:01Z
BCT8I71YWo8,続く恋人、続かない恋人の見分け方,この動画内で紹介したおすすめ動画・ニコニコ動画は 知識のNetflix【Dラボ】で見放題！ 今なら20日間無料→https://daigovideolab.jp/ そもそも相手がいないよ！という方 ...,2018-12-16T14:13:52Z
1-CFPonhdNE,寝ても寝ても昼に眠くなる意外な理由,この動画内で紹介したおすすめ動画・ニコニコ動画は 知識のNetflix【Dラボ】で見放題！ 今なら20日間無料→https://daigovideolab.jp/ ちゃんと寝てるのに朝が起きるの ...,2018-12-17T14:57:51Z
wf6XADNPaOM,独立したほうがいい！サラリーマンに向かない人の特徴が判明,この動画内で紹介したおすすめ動画・ニコニコ動画は 知識のNetflix【Dラボ】で見放題！ 今なら20日間無料→https://daigovideolab.jp/ 独立したいけど自信がない…,2018-12-18T13:41:35Z
It-B-J4nQuU,脳にいい寝かたが判明したかもな件,この動画内で紹介したおすすめ動画・ニコニコ動画は 知識のNetflix【Dラボ】で見放題！ 今なら20日間無料→https://daigovideolab.jp/ メンタリストDaiGoと弟制作の無料 ...,2018-12-26T13:22:12Z
pLm4l87yUHg,ついつい高いモノを買ってしまう癖を治す方法,この動画内で紹介したおすすめ動画・ニコニコ動画は 知識のNetflix【Dラボ】で見放題！ 今なら20日間無料→https://daigovideolab.jp/ 浪費グセを治す散財の心理学 ...,2018-12-02T10:57:19Z
KdGFAt6c5sc,ポジティブな自己暗示むしろ逆効果なことが判明,この動画内で紹介したおすすめ動画・ニコニコ動画は 知識のNetflix【Dラボ】で見放題！ 今なら20日間無料→https://daigovideolab.jp/ DaiGo制作の無料メンタルアプリ ...,2018-12-06T14:43:33Z
lRmiKtkmMeo,つまらない作業を楽しくする科学的方法,この動画内で紹介したおすすめ動画・ニコニコ動画は 知識のNetflix【Dラボ】で見放題！ 今なら20日間無料→https://daigovideolab.jp/ 集中力が持たなくても短時間で ...,2018-12-04T13:50:10Z
FtnHK2k1veE,実は早起きは体に悪い！という事実,この動画内で紹介したおすすめ動画・ニコニコ動画は 知識のNetflix【Dラボ】で見放題！ 今なら20日間無料→https://daigovideolab.jp/ 無駄にストレスが溜まる早起きより ...,2018-12-12T13:47:24Z
ZjDb_gwY90c,一年があっという間、を防ぐ方法,この動画内で紹介したおすすめ動画・ニコニコ動画は 知識のNetflix【Dラボ】で見放題！ 今なら20日間無料→https://daigovideolab.jp/ メンタリストDaiGoと弟制作の無料 ...,2018-12-31T13:25:14Z
c7hU5mrbor4,20分で頭が良くなる受験生が飲むべき飲み物,この動画内で紹介したおすすめ動画・ニコニコ動画は 知識のNetflix【Dラボ】で見放題！ 今なら20日間無料→https://daigovideolab.jp/ 無料メンタル系アプリを作りました ...,2018-12-21T14:28:44Z
6rkt6air1I4,夜ふかし中にやると頭が悪くなることが判明,この動画内で紹介したおすすめ動画・ニコニコ動画は 知識のNetflix【Dラボ】で見放題！ 今なら20日間無料→https://daigovideolab.jp/ 無料メンタル系アプリを作りました ...,2018-12-20T15:15:57Z
5WGJhQqBv_A,ストレス発散になるモノの買い方,この動画内で紹介したおすすめ動画・ニコニコ動画は 知識のNetflix【Dラボ】で見放題！ 今なら20日間無料→https://daigovideolab.jp/ ストレスによる無駄遣い対策法を ...,2018-12-03T13:21:28Z
CONzz8HKP-Y,生まれつきで人生はどこまで決まるか＋遺伝的天才を超える方法,この動画内で紹介したおすすめ動画・ニコニコ動画は 知識のNetflix【Dラボ】で見放題！ 今なら20日間無料→https://daigovideolab.jp/ DaiGoと弟制作の無料アプリ↓ ...,2018-12-19T14:29:52Z
jW6Bl3c7s-s,ポジティブになってやる気が出る音楽がこちら,この動画内で紹介したおすすめ動画・ニコニコ動画は 知識のNetflix【Dラボ】で見放題！ 今なら20日間無料→https://daigovideolab.jp/ 失敗と向き合い、自分を許し、前に ...,2018-12-11T13:49:37Z
yl9_2sXm8PM,暴飲暴食をチャラにする方法(14分以降は雑談,この動画内で紹介したおすすめ動画・ニコニコ動画は 知識のNetflix【Dラボ】で見放題！ 今なら20日間無料→https://daigovideolab.jp/ メンタリストDaiGoと弟制作の無料 ...,2018-12-27T18:58:28Z
huOudLjuHR8,糖質制限厨の闇 命を預かる立場であるはずの医者がメタ分析も理解してない問題,この動画内で紹介したおすすめ動画・ニコニコ動画は 知識のNetflix【Dラボ】で見放題！ 今なら20日間無料→https://daigovideolab.jp/ 無駄につらい糖質制限ではない ...,2018-12-13T10:39:13Z
kcoRvTkSh1M,仕事がラクになる上に年収アップする友達の作り方,この動画内で紹介したおすすめ動画・ニコニコ動画は 知識のNetflix【Dラボ】で見放題！ 今なら20日間無料→https://daigovideolab.jp/ あなたの周りの人や付き合う友人 ...,2018-12-15T13:56:05Z
EB4zG5D-yxw,痩せないし老化する！ランニングの真実,この動画内で紹介したおすすめ動画・ニコニコ動画は 知識のNetflix【Dラボ】で見放題！ 今なら20日間無料→https://daigovideolab.jp/ ハードな習慣を身につけたいなら ...,2018-12-05T14:00:31Z
